{
    "name": "Keyboard",
    "vendorId": "0xFEED",
    "productId": "0x0001",
    "lighting": "none",
    "matrix": {
      "rows": 10,
      "cols": 6
    },
    "layouts": {
      "labels": [],
      "keymap": [
        [
          {
            "y": 0.2,
            "x": 3,
            "f": 8
          },
          "0,3",
          {
            "x": 7
          },
          "5,3"
        ],
        [
          {
            "y": -0.95,
            "x": 10
          },
          "5,4"
        ],
        [
          {
            "y": -0.9,
            "x": 2
          },
          "0,2",
          {
            "x": 1
          },
          "0,4",
          {
            "x": 7
          },
          "5,2"
        ],
        [
          {
            "y": -0.85,
            "f": 9
          },
          "0,0",
          {
            "f": 8
          },
          "0,1",
          {
            "x": 3
          },
          "0,5",
          {
            "x": 3
          },
          "5,5",
          {
            "x": 3
          },
          "5,1",
          {
            "f": 6
          },
          "5,0"
        ],
        [
          {
            "r": 30,
            "y": -0.9,
            "x": 7.75,
            "f": 9,
            "h": 1.5
          },
          "4,5"
        ],
        [
          {
            "r": 0,
            "y": -0.40000000000000013,
            "x": 3,
            "f": 8
          },
          "1,3",
          {
            "x": 7
          },
          "6,3"
        ],
        [
          {
            "y": -0.95,
            "x": 10
          },
          "6,4"
        ],
        [
          {
            "y": -0.8999999999999999,
            "x": 2
          },
          "1,2",
          {
            "x": 1
          },
          "1,4",
          {
            "x": 7
          },
          "6,2"
        ],
        [
          {
            "y": -0.8500000000000001
          },
          "1,0",
          "1,1",
          {
            "x": 3
          },
          "1,5",
          {
            "x": 3
          },
          "6,5",
          {
            "x": 3
          },
          "6,1",
          {
            "f": 6
          },
          "6,0"
        ],
        [
          {
            "y": -0.2999999999999998,
            "x": 3,
            "f": 8
          },
          "2,3",
          {
            "x": 7
          },
          "7,3"
        ],
        [
          {
            "y": -0.8500000000000001,
            "x": 2
          },
          "2,2",
          {
            "x": 1
          },
          "2,4",
          {
            "x": 5
          },
          "7,4",
          {
            "x": 1
          },
          "7,2"
        ],
        [
          {
            "y": -0.8500000000000001,
            "f": 6
          },
          "2,0",
          {
            "f": 8
          },
          "2,1",
          {
            "x": 3
          },
          "2,5",
          {
            "x": 3
          },
          "7,5",
          {
            "x": 3
          },
          "7,1",
          {
            "f": 6
          },
          "7,0"
        ],
        [
          {
            "y": -0.2999999999999998,
            "x": 3,
            "f": 8
          },
          "3,3",
          {
            "x": 7
          },
          "8,3"
        ],
        [
          {
            "y": -0.8500000000000001,
            "x": 2
          },
          "3,2",
          {
            "x": 1
          },
          "3,4",
          {
            "x": 5
          },
          "8,4",
          {
            "x": 1
          },
          "8,2"
        ],
        [
          {
            "y": -0.8500000000000001,
            "f": 5
          },
          "3,0",
          {
            "f": 8
          },
          "3,1",
          {
            "x": 3
          },
          "3,5",
          {
            "x": 3
          },
          "8,5",
          {
            "x": 3
          },
          "8,1",
          {
            "f": 5
          },
          "8,0"
        ],
        [
          {
            "y": -0.15000000000000036,
            "x": 2.75,
            "f": 9
          },
          "4,2",
          "4,3",
          {
            "x": 5.5
          },
          "9,3"
        ],
        [
          {
            "y": -0.8499999999999996,
            "x": 1.75
          },
          "4,1"
        ],
        [
          {
            "r": -15,
            "y": 1.4000000000000004,
            "x": 7.5
          },
          "9,4"
        ],
        [
          {
            "r": 0,
            "rx": 0.25,
            "y": 4.35,
            "x": 11
          },
          "9,2"
        ],
        [
          {
            "rx": 0.5,
            "y": 4.5,
            "x": 11.75
          },
          "9,1"
        ],
        [
          {
            "r": -30,
            "y": 2.3499999999999996,
            "x": 3.75,
            "f": 8,
            "h": 1.5
          },
          "9,5"
        ],
        [
          {
            "r": 15,
            "rx": 0.75,
            "y": 3.25,
            "x": 5.25,
            "f": 9
          },
          "4,4"
        ]
      ]
    }
  }